装备纹耀系统属性 C=lua S=lua,,,,,,,,,,,,,
纹耀ID,部位,星级,属性,属性值,战力,备注1,备注2,备注3,备注4,备注5,备注6,,
int,int,int,int[],int[],int,,,,,,,,
BadgeID,Part,StarLevel,AttrType,AttrValue,Capacity,,,,,,,,
1,1,1,14,{53},295,头盔,11,5895,0.05,生命,1067,,
1,1,2,14,{107},590,头盔,11,5895,0.1,生命,1067,,
1,1,3,14,{160},884,头盔,11,5895,0.15,生命,1067,,
1,1,4,14,{213},1179,头盔,11,5895,0.2,生命,1067,,
1,1,5,14,{320},1769,头盔,11,5895,0.3,生命,1067,,
1,1,6,14,{427},2358,头盔,11,5895,0.4,生命,1067,,
1,1,7,14,{534},2948,头盔,11,5895,0.5,生命,1067,,
1,1,8,14,{694},3832,头盔,11,5895,0.65,生命,1067,,
1,1,9,14,{854},4716,头盔,11,5895,0.8,生命,1067,,
1,1,10,14,{1067},5895,头盔,11,5895,1,生命,1067,,
1,2,1,"6,8","{4,3}",414,项链,11,8287,0.05,攻击,75,暴击,62
1,2,2,"6,8","{8,6}",829,项链,11,8287,0.1,攻击,75,暴击,62
1,2,3,"6,8","{11,9}",1243,项链,11,8287,0.15,攻击,75,暴击,62
1,2,4,"6,8","{15,12}",1657,项链,11,8287,0.2,攻击,75,暴击,62
1,2,5,"6,8","{23,19}",2486,项链,11,8287,0.3,攻击,75,暴击,62
1,2,6,"6,8","{30,25}",3315,项链,11,8287,0.4,攻击,75,暴击,62
1,2,7,"6,8","{38,31}",4144,项链,11,8287,0.5,攻击,75,暴击,62
1,2,8,"6,8","{49,40}",5387,项链,11,8287,0.65,攻击,75,暴击,62
1,2,9,"6,8","{60,50}",6630,项链,11,8287,0.8,攻击,75,暴击,62
1,2,10,"6,8","{75,62}",8287,项链,11,8287,1,攻击,75,暴击,62
1,3,1,"11,12","{5,5}",295,护手,11,5895,0.05,物防,106,法防,106
1,3,2,"11,12","{11,11}",590,护手,11,5895,0.1,物防,106,法防,106
1,3,3,"11,12","{16,16}",884,护手,11,5895,0.15,物防,106,法防,106
1,3,4,"11,12","{21,21}",1179,护手,11,5895,0.2,物防,106,法防,106
1,3,5,"11,12","{32,32}",1769,护手,11,5895,0.3,物防,106,法防,106
1,3,6,"11,12","{42,42}",2358,护手,11,5895,0.4,物防,106,法防,106
1,3,7,"11,12","{53,53}",2948,护手,11,5895,0.5,物防,106,法防,106
1,3,8,"11,12","{69,69}",3832,护手,11,5895,0.65,物防,106,法防,106
1,3,9,"11,12","{85,85}",4716,护手,11,5895,0.8,物防,106,法防,106
1,3,10,"11,12","{106,106}",5895,护手,11,5895,1,物防,106,法防,106
1,4,1,"14,13","{38,1}",289,鞋子,11,5773,0.05,生命,762,闪避,21
1,4,2,"14,13","{76,2}",577,鞋子,11,5773,0.1,生命,762,闪避,21
1,4,3,"14,13","{114,3}",866,鞋子,11,5773,0.15,生命,762,闪避,21
1,4,4,"14,13","{152,4}",1155,鞋子,11,5773,0.2,生命,762,闪避,21
1,4,5,"14,13","{229,6}",1732,鞋子,11,5773,0.3,生命,762,闪避,21
1,4,6,"14,13","{305,8}",2309,鞋子,11,5773,0.4,生命,762,闪避,21
1,4,7,"14,13","{381,11}",2887,鞋子,11,5773,0.5,生命,762,闪避,21
1,4,8,"14,13","{495,14}",3752,鞋子,11,5773,0.65,生命,762,闪避,21
1,4,9,"14,13","{610,17}",4618,鞋子,11,5773,0.8,生命,762,闪避,21
1,4,10,"14,13","{762,21}",5773,鞋子,11,5773,1,生命,762,闪避,21
1,5,1,"6,10","{3,5}",341,耳环,11,6828,0.05,攻击,68,命中,105
1,5,2,"6,10","{7,11}",683,耳环,11,6828,0.1,攻击,68,命中,105
1,5,3,"6,10","{10,16}",1024,耳环,11,6828,0.15,攻击,68,命中,105
1,5,4,"6,10","{14,21}",1366,耳环,11,6828,0.2,攻击,68,命中,105
1,5,5,"6,10","{20,32}",2048,耳环,11,6828,0.3,攻击,68,命中,105
1,5,6,"6,10","{27,42}",2731,耳环,11,6828,0.4,攻击,68,命中,105
1,5,7,"6,10","{34,53}",3414,耳环,11,6828,0.5,攻击,68,命中,105
1,5,8,"6,10","{44,68}",4438,耳环,11,6828,0.65,攻击,68,命中,105
1,5,9,"6,10","{54,84}",5462,耳环,11,6828,0.8,攻击,68,命中,105
1,5,10,"6,10","{68,105}",6828,耳环,11,6828,1,攻击,68,命中,105
1,6,1,"11,12","{5,5}",295,裤子,11,5895,0.05,物防,106,法防,106
1,6,2,"11,12","{11,11}",590,裤子,11,5895,0.1,物防,106,法防,106
1,6,3,"11,12","{16,16}",884,裤子,11,5895,0.15,物防,106,法防,106
1,6,4,"11,12","{21,21}",1179,裤子,11,5895,0.2,物防,106,法防,106
1,6,5,"11,12","{32,32}",1769,裤子,11,5895,0.3,物防,106,法防,106
1,6,6,"11,12","{42,42}",2358,裤子,11,5895,0.4,物防,106,法防,106
1,6,7,"11,12","{53,53}",2948,裤子,11,5895,0.5,物防,106,法防,106
1,6,8,"11,12","{69,69}",3832,裤子,11,5895,0.65,物防,106,法防,106
1,6,9,"11,12","{85,85}",4716,裤子,11,5895,0.8,物防,106,法防,106
1,6,10,"11,12","{106,106}",5895,裤子,11,5895,1,物防,106,法防,106
1,7,1,"14,19","{39,1}",301,肩甲,11,6011,0.05,生命,772,抗暴,26
1,7,2,"14,19","{77,3}",601,肩甲,11,6011,0.1,生命,772,抗暴,26
1,7,3,"14,19","{116,4}",902,肩甲,11,6011,0.15,生命,772,抗暴,26
1,7,4,"14,19","{154,5}",1202,肩甲,11,6011,0.2,生命,772,抗暴,26
1,7,5,"14,19","{232,8}",1803,肩甲,11,6011,0.3,生命,772,抗暴,26
1,7,6,"14,19","{309,10}",2404,肩甲,11,6011,0.4,生命,772,抗暴,26
1,7,7,"14,19","{386,13}",3006,肩甲,11,6011,0.5,生命,772,抗暴,26
1,7,8,"14,19","{502,17}",3907,肩甲,11,6011,0.65,生命,772,抗暴,26
1,7,9,"14,19","{618,21}",4809,肩甲,11,6011,0.8,生命,772,抗暴,26
1,7,10,"14,19","{772,26}",6011,肩甲,11,6011,1,生命,772,抗暴,26
1,8,1,6,{5},385,戒指,11,7690,0.05,攻击,92,,
1,8,2,6,{9},769,戒指,11,7690,0.1,攻击,92,,
1,8,3,6,{14},1154,戒指,11,7690,0.15,攻击,92,,
1,8,4,6,{18},1538,戒指,11,7690,0.2,攻击,92,,
1,8,5,6,{28},2307,戒指,11,7690,0.3,攻击,92,,
1,8,6,6,{37},3076,戒指,11,7690,0.4,攻击,92,,
1,8,7,6,{46},3845,戒指,11,7690,0.5,攻击,92,,
1,8,8,6,{60},4999,戒指,11,7690,0.65,攻击,92,,
1,8,9,6,{74},6152,戒指,11,7690,0.8,攻击,92,,
1,8,10,6,{92},7690,戒指,11,7690,1,攻击,92,,
1,9,1,"14,15","{92,12}",705,衣服,11,14099,0.05,生命,1837,生命回复,238
1,9,2,"14,15","{184,24}",1410,衣服,11,14099,0.1,生命,1837,生命回复,238
1,9,3,"14,15","{276,36}",2115,衣服,11,14099,0.15,生命,1837,生命回复,238
1,9,4,"14,15","{367,48}",2820,衣服,11,14099,0.2,生命,1837,生命回复,238
1,9,5,"14,15","{551,71}",4230,衣服,11,14099,0.3,生命,1837,生命回复,238
1,9,6,"14,15","{735,95}",5640,衣服,11,14099,0.4,生命,1837,生命回复,238
1,9,7,"14,15","{919,119}",7050,衣服,11,14099,0.5,生命,1837,生命回复,238
1,9,8,"14,15","{1194,155}",9164,衣服,11,14099,0.65,生命,1837,生命回复,238
1,9,9,"14,15","{1470,190}",11279,衣服,11,14099,0.8,生命,1837,生命回复,238
1,9,10,"14,15","{1837,238}",14099,衣服,11,14099,1,生命,1837,生命回复,238
1,10,1,6,{13},1073,武器,11,21464,0.05,攻击,259,,
1,10,2,6,{26},2146,武器,11,21464,0.1,攻击,259,,
1,10,3,6,{39},3220,武器,11,21464,0.15,攻击,259,,
1,10,4,6,{52},4293,武器,11,21464,0.2,攻击,259,,
1,10,5,6,{78},6439,武器,11,21464,0.3,攻击,259,,
1,10,6,6,{104},8586,武器,11,21464,0.4,攻击,259,,
1,10,7,6,{130},10732,武器,11,21464,0.5,攻击,259,,
1,10,8,6,{168},13952,武器,11,21464,0.65,攻击,259,,
1,10,9,6,{207},17171,武器,11,21464,0.8,攻击,259,,
1,10,10,6,{259},21464,武器,11,21464,1,攻击,259,,
2,1,1,14,{59},354,头盔,12,7073,0.05,生命,1174,,
2,1,2,14,{117},707,头盔,12,7073,0.1,生命,1174,,
2,1,3,14,{176},1061,头盔,12,7073,0.15,生命,1174,,
2,1,4,14,{235},1415,头盔,12,7073,0.2,生命,1174,,
2,1,5,14,{352},2122,头盔,12,7073,0.3,生命,1174,,
2,1,6,14,{470},2829,头盔,12,7073,0.4,生命,1174,,
2,1,7,14,{587},3537,头盔,12,7073,0.5,生命,1174,,
2,1,8,14,{763},4597,头盔,12,7073,0.65,生命,1174,,
2,1,9,14,{939},5658,头盔,12,7073,0.8,生命,1174,,
2,1,10,14,{1174},7073,头盔,12,7073,1,生命,1174,,
2,2,1,"6,8","{4,3}",497,项链,12,9941,0.05,攻击,82,暴击,68
2,2,2,"6,8","{8,7}",994,项链,12,9941,0.1,攻击,82,暴击,68
2,2,3,"6,8","{12,10}",1491,项链,12,9941,0.15,攻击,82,暴击,68
2,2,4,"6,8","{16,14}",1988,项链,12,9941,0.2,攻击,82,暴击,68
2,2,5,"6,8","{25,20}",2982,项链,12,9941,0.3,攻击,82,暴击,68
2,2,6,"6,8","{33,27}",3976,项链,12,9941,0.4,攻击,82,暴击,68
2,2,7,"6,8","{41,34}",4971,项链,12,9941,0.5,攻击,82,暴击,68
2,2,8,"6,8","{53,44}",6462,项链,12,9941,0.65,攻击,82,暴击,68
2,2,9,"6,8","{66,54}",7953,项链,12,9941,0.8,攻击,82,暴击,68
2,2,10,"6,8","{82,68}",9941,项链,12,9941,1,攻击,82,暴击,68
2,3,1,"11,12","{6,6}",354,护手,12,7073,0.05,物防,117,法防,117
2,3,2,"11,12","{12,12}",707,护手,12,7073,0.1,物防,117,法防,117
2,3,3,"11,12","{18,18}",1061,护手,12,7073,0.15,物防,117,法防,117
2,3,4,"11,12","{23,23}",1415,护手,12,7073,0.2,物防,117,法防,117
2,3,5,"11,12","{35,35}",2122,护手,12,7073,0.3,物防,117,法防,117
2,3,6,"11,12","{47,47}",2829,护手,12,7073,0.4,物防,117,法防,117
2,3,7,"11,12","{59,59}",3537,护手,12,7073,0.5,物防,117,法防,117
2,3,8,"11,12","{76,76}",4597,护手,12,7073,0.65,物防,117,法防,117
2,3,9,"11,12","{94,94}",5658,护手,12,7073,0.8,物防,117,法防,117
2,3,10,"11,12","{117,117}",7073,护手,12,7073,1,物防,117,法防,117
2,4,1,"14,13","{42,1}",346,鞋子,12,6928,0.05,生命,839,闪避,23
2,4,2,"14,13","{84,2}",693,鞋子,12,6928,0.1,生命,839,闪避,23
2,4,3,"14,13","{126,3}",1039,鞋子,12,6928,0.15,生命,839,闪避,23
2,4,4,"14,13","{168,5}",1386,鞋子,12,6928,0.2,生命,839,闪避,23
2,4,5,"14,13","{252,7}",2078,鞋子,12,6928,0.3,生命,839,闪避,23
2,4,6,"14,13","{336,9}",2771,鞋子,12,6928,0.4,生命,839,闪避,23
2,4,7,"14,13","{420,12}",3464,鞋子,12,6928,0.5,生命,839,闪避,23
2,4,8,"14,13","{545,15}",4503,鞋子,12,6928,0.65,生命,839,闪避,23
2,4,9,"14,13","{671,18}",5542,鞋子,12,6928,0.8,生命,839,闪避,23
2,4,10,"14,13","{839,23}",6928,鞋子,12,6928,1,生命,839,闪避,23
2,5,1,"6,10","{4,6}",410,耳环,12,8194,0.05,攻击,75,命中,115
2,5,2,"6,10","{8,12}",819,耳环,12,8194,0.1,攻击,75,命中,115
2,5,3,"6,10","{11,17}",1229,耳环,12,8194,0.15,攻击,75,命中,115
2,5,4,"6,10","{15,23}",1639,耳环,12,8194,0.2,攻击,75,命中,115
2,5,5,"6,10","{23,35}",2458,耳环,12,8194,0.3,攻击,75,命中,115
2,5,6,"6,10","{30,46}",3278,耳环,12,8194,0.4,攻击,75,命中,115
2,5,7,"6,10","{38,58}",4097,耳环,12,8194,0.5,攻击,75,命中,115
2,5,8,"6,10","{49,75}",5326,耳环,12,8194,0.65,攻击,75,命中,115
2,5,9,"6,10","{60,92}",6555,耳环,12,8194,0.8,攻击,75,命中,115
2,5,10,"6,10","{75,115}",8194,耳环,12,8194,1,攻击,75,命中,115
2,6,1,"11,12","{6,6}",354,裤子,12,7073,0.05,物防,117,法防,117
2,6,2,"11,12","{12,12}",707,裤子,12,7073,0.1,物防,117,法防,117
2,6,3,"11,12","{18,18}",1061,裤子,12,7073,0.15,物防,117,法防,117
2,6,4,"11,12","{23,23}",1415,裤子,12,7073,0.2,物防,117,法防,117
2,6,5,"11,12","{35,35}",2122,裤子,12,7073,0.3,物防,117,法防,117
2,6,6,"11,12","{47,47}",2829,裤子,12,7073,0.4,物防,117,法防,117
2,6,7,"11,12","{59,59}",3537,裤子,12,7073,0.5,物防,117,法防,117
2,6,8,"11,12","{76,76}",4597,裤子,12,7073,0.65,物防,117,法防,117
2,6,9,"11,12","{94,94}",5658,裤子,12,7073,0.8,物防,117,法防,117
2,6,10,"11,12","{117,117}",7073,裤子,12,7073,1,物防,117,法防,117
2,7,1,"14,19","{42,1}",361,肩甲,12,7211,0.05,生命,849,抗暴,28
2,7,2,"14,19","{85,3}",721,肩甲,12,7211,0.1,生命,849,抗暴,28
2,7,3,"14,19","{127,4}",1082,肩甲,12,7211,0.15,生命,849,抗暴,28
2,7,4,"14,19","{170,6}",1442,肩甲,12,7211,0.2,生命,849,抗暴,28
2,7,5,"14,19","{255,8}",2163,肩甲,12,7211,0.3,生命,849,抗暴,28
2,7,6,"14,19","{340,11}",2884,肩甲,12,7211,0.4,生命,849,抗暴,28
2,7,7,"14,19","{425,14}",3606,肩甲,12,7211,0.5,生命,849,抗暴,28
2,7,8,"14,19","{552,18}",4687,肩甲,12,7211,0.65,生命,849,抗暴,28
2,7,9,"14,19","{679,22}",5769,肩甲,12,7211,0.8,生命,849,抗暴,28
2,7,10,"14,19","{849,28}",7211,肩甲,12,7211,1,生命,849,抗暴,28
2,8,1,6,{5},461,戒指,12,9224,0.05,攻击,102,,
2,8,2,6,{10},922,戒指,12,9224,0.1,攻击,102,,
2,8,3,6,{15},1384,戒指,12,9224,0.15,攻击,102,,
2,8,4,6,{20},1845,戒指,12,9224,0.2,攻击,102,,
2,8,5,6,{31},2767,戒指,12,9224,0.3,攻击,102,,
2,8,6,6,{41},3690,戒指,12,9224,0.4,攻击,102,,
2,8,7,6,{51},4612,戒指,12,9224,0.5,攻击,102,,
2,8,8,6,{66},5996,戒指,12,9224,0.65,攻击,102,,
2,8,9,6,{82},7379,戒指,12,9224,0.8,攻击,102,,
2,8,10,6,{102},9224,戒指,12,9224,1,攻击,102,,
2,9,1,"14,15","{101,13}",846,衣服,12,16912,0.05,生命,2021,生命回复,261
2,9,2,"14,15","{202,26}",1691,衣服,12,16912,0.1,生命,2021,生命回复,261
2,9,3,"14,15","{303,39}",2537,衣服,12,16912,0.15,生命,2021,生命回复,261
2,9,4,"14,15","{404,52}",3382,衣服,12,16912,0.2,生命,2021,生命回复,261
2,9,5,"14,15","{606,78}",5074,衣服,12,16912,0.3,生命,2021,生命回复,261
2,9,6,"14,15","{808,104}",6765,衣服,12,16912,0.4,生命,2021,生命回复,261
2,9,7,"14,15","{1011,131}",8456,衣服,12,16912,0.5,生命,2021,生命回复,261
2,9,8,"14,15","{1314,170}",10993,衣服,12,16912,0.65,生命,2021,生命回复,261
2,9,9,"14,15","{1617,209}",13530,衣服,12,16912,0.8,生命,2021,生命回复,261
2,9,10,"14,15","{2021,261}",16912,衣服,12,16912,1,生命,2021,生命回复,261
2,10,1,6,{14},1287,武器,12,25744,0.05,攻击,284,,
2,10,2,6,{28},2574,武器,12,25744,0.1,攻击,284,,
2,10,3,6,{43},3862,武器,12,25744,0.15,攻击,284,,
2,10,4,6,{57},5149,武器,12,25744,0.2,攻击,284,,
2,10,5,6,{85},7723,武器,12,25744,0.3,攻击,284,,
2,10,6,6,{114},10298,武器,12,25744,0.4,攻击,284,,
2,10,7,6,{142},12872,武器,12,25744,0.5,攻击,284,,
2,10,8,6,{185},16734,武器,12,25744,0.65,攻击,284,,
2,10,9,6,{227},20595,武器,12,25744,0.8,攻击,284,,
2,10,10,6,{284},25744,武器,12,25744,1,攻击,284,,
3,1,1,14,{64},418,头盔,13,8352,0.05,生命,1280,,
3,1,2,14,{128},835,头盔,13,8352,0.1,生命,1280,,
3,1,3,14,{192},1253,头盔,13,8352,0.15,生命,1280,,
3,1,4,14,{256},1670,头盔,13,8352,0.2,生命,1280,,
3,1,5,14,{384},2506,头盔,13,8352,0.3,生命,1280,,
3,1,6,14,{512},3341,头盔,13,8352,0.4,生命,1280,,
3,1,7,14,{640},4176,头盔,13,8352,0.5,生命,1280,,
3,1,8,14,{832},5429,头盔,13,8352,0.65,生命,1280,,
3,1,9,14,{1024},6682,头盔,13,8352,0.8,生命,1280,,
3,1,10,14,{1280},8352,头盔,13,8352,1,生命,1280,,
3,2,1,"6,8","{5,4}",587,项链,13,11745,0.05,攻击,90,暴击,75
3,2,2,"6,8","{9,8}",1175,项链,13,11745,0.1,攻击,90,暴击,75
3,2,3,"6,8","{14,11}",1762,项链,13,11745,0.15,攻击,90,暴击,75
3,2,4,"6,8","{18,15}",2349,项链,13,11745,0.2,攻击,90,暴击,75
3,2,5,"6,8","{27,23}",3524,项链,13,11745,0.3,攻击,90,暴击,75
3,2,6,"6,8","{36,30}",4698,项链,13,11745,0.4,攻击,90,暴击,75
3,2,7,"6,8","{45,38}",5873,项链,13,11745,0.5,攻击,90,暴击,75
3,2,8,"6,8","{59,49}",7634,项链,13,11745,0.65,攻击,90,暴击,75
3,2,9,"6,8","{72,60}",9396,项链,13,11745,0.8,攻击,90,暴击,75
3,2,10,"6,8","{90,75}",11745,项链,13,11745,1,攻击,90,暴击,75
3,3,1,"11,12","{6,6}",418,护手,13,8352,0.05,物防,128,法防,128
3,3,2,"11,12","{13,13}",835,护手,13,8352,0.1,物防,128,法防,128
3,3,3,"11,12","{19,19}",1253,护手,13,8352,0.15,物防,128,法防,128
3,3,4,"11,12","{26,26}",1670,护手,13,8352,0.2,物防,128,法防,128
3,3,5,"11,12","{38,38}",2506,护手,13,8352,0.3,物防,128,法防,128
3,3,6,"11,12","{51,51}",3341,护手,13,8352,0.4,物防,128,法防,128
3,3,7,"11,12","{64,64}",4176,护手,13,8352,0.5,物防,128,法防,128
3,3,8,"11,12","{83,83}",5429,护手,13,8352,0.65,物防,128,法防,128
3,3,9,"11,12","{102,102}",6682,护手,13,8352,0.8,物防,128,法防,128
3,3,10,"11,12","{128,128}",8352,护手,13,8352,1,物防,128,法防,128
3,4,1,"14,13","{46,1}",409,鞋子,13,8188,0.05,生命,916,闪避,26
3,4,2,"14,13","{92,3}",819,鞋子,13,8188,0.1,生命,916,闪避,26
3,4,3,"14,13","{137,4}",1228,鞋子,13,8188,0.15,生命,916,闪避,26
3,4,4,"14,13","{183,5}",1638,鞋子,13,8188,0.2,生命,916,闪避,26
3,4,5,"14,13","{275,8}",2456,鞋子,13,8188,0.3,生命,916,闪避,26
3,4,6,"14,13","{366,10}",3275,鞋子,13,8188,0.4,生命,916,闪避,26
3,4,7,"14,13","{458,13}",4094,鞋子,13,8188,0.5,生命,916,闪避,26
3,4,8,"14,13","{595,17}",5322,鞋子,13,8188,0.65,生命,916,闪避,26
3,4,9,"14,13","{733,21}",6550,鞋子,13,8188,0.8,生命,916,闪避,26
3,4,10,"14,13","{916,26}",8188,鞋子,13,8188,1,生命,916,闪避,26
3,5,1,"6,10","{4,6}",484,耳环,13,9683,0.05,攻击,82,命中,126
3,5,2,"6,10","{8,13}",968,耳环,13,9683,0.1,攻击,82,命中,126
3,5,3,"6,10","{12,19}",1452,耳环,13,9683,0.15,攻击,82,命中,126
3,5,4,"6,10","{16,25}",1937,耳环,13,9683,0.2,攻击,82,命中,126
3,5,5,"6,10","{25,38}",2905,耳环,13,9683,0.3,攻击,82,命中,126
3,5,6,"6,10","{33,50}",3873,耳环,13,9683,0.4,攻击,82,命中,126
3,5,7,"6,10","{41,63}",4842,耳环,13,9683,0.5,攻击,82,命中,126
3,5,8,"6,10","{53,82}",6294,耳环,13,9683,0.65,攻击,82,命中,126
3,5,9,"6,10","{66,101}",7746,耳环,13,9683,0.8,攻击,82,命中,126
3,5,10,"6,10","{82,126}",9683,耳环,13,9683,1,攻击,82,命中,126
3,6,1,"11,12","{6,6}",418,裤子,13,8352,0.05,物防,128,法防,128
3,6,2,"11,12","{13,13}",835,裤子,13,8352,0.1,物防,128,法防,128
3,6,3,"11,12","{19,19}",1253,裤子,13,8352,0.15,物防,128,法防,128
3,6,4,"11,12","{26,26}",1670,裤子,13,8352,0.2,物防,128,法防,128
3,6,5,"11,12","{38,38}",2506,裤子,13,8352,0.3,物防,128,法防,128
3,6,6,"11,12","{51,51}",3341,裤子,13,8352,0.4,物防,128,法防,128
3,6,7,"11,12","{64,64}",4176,裤子,13,8352,0.5,物防,128,法防,128
3,6,8,"11,12","{83,83}",5429,裤子,13,8352,0.65,物防,128,法防,128
3,6,9,"11,12","{102,102}",6682,裤子,13,8352,0.8,物防,128,法防,128
3,6,10,"11,12","{128,128}",8352,裤子,13,8352,1,物防,128,法防,128
3,7,1,"14,19","{46,2}",426,肩甲,13,8521,0.05,生命,927,抗暴,31
3,7,2,"14,19","{93,3}",852,肩甲,13,8521,0.1,生命,927,抗暴,31
3,7,3,"14,19","{139,5}",1278,肩甲,13,8521,0.15,生命,927,抗暴,31
3,7,4,"14,19","{185,6}",1704,肩甲,13,8521,0.2,生命,927,抗暴,31
3,7,5,"14,19","{278,9}",2556,肩甲,13,8521,0.3,生命,927,抗暴,31
3,7,6,"14,19","{371,12}",3408,肩甲,13,8521,0.4,生命,927,抗暴,31
3,7,7,"14,19","{464,16}",4261,肩甲,13,8521,0.5,生命,927,抗暴,31
3,7,8,"14,19","{603,20}",5539,肩甲,13,8521,0.65,生命,927,抗暴,31
3,7,9,"14,19","{742,25}",6817,肩甲,13,8521,0.8,生命,927,抗暴,31
3,7,10,"14,19","{927,31}",8521,肩甲,13,8521,1,生命,927,抗暴,31
3,8,1,6,{6},545,戒指,13,10903,0.05,攻击,111,,
3,8,2,6,{11},1090,戒指,13,10903,0.1,攻击,111,,
3,8,3,6,{17},1635,戒指,13,10903,0.15,攻击,111,,
3,8,4,6,{22},2181,戒指,13,10903,0.2,攻击,111,,
3,8,5,6,{33},3271,戒指,13,10903,0.3,攻击,111,,
3,8,6,6,{44},4361,戒指,13,10903,0.4,攻击,111,,
3,8,7,6,{56},5452,戒指,13,10903,0.5,攻击,111,,
3,8,8,6,{72},7087,戒指,13,10903,0.65,攻击,111,,
3,8,9,6,{89},8722,戒指,13,10903,0.8,攻击,111,,
3,8,10,6,{111},10903,戒指,13,10903,1,攻击,111,,
3,9,1,"14,15","{110,14}",999,衣服,13,19979,0.05,生命,2204,生命回复,285
3,9,2,"14,15","{220,29}",1998,衣服,13,19979,0.1,生命,2204,生命回复,285
3,9,3,"14,15","{331,43}",2997,衣服,13,19979,0.15,生命,2204,生命回复,285
3,9,4,"14,15","{441,57}",3996,衣服,13,19979,0.2,生命,2204,生命回复,285
3,9,5,"14,15","{661,86}",5994,衣服,13,19979,0.3,生命,2204,生命回复,285
3,9,6,"14,15","{882,114}",7992,衣服,13,19979,0.4,生命,2204,生命回复,285
3,9,7,"14,15","{1102,143}",9990,衣服,13,19979,0.5,生命,2204,生命回复,285
3,9,8,"14,15","{1433,185}",12986,衣服,13,19979,0.65,生命,2204,生命回复,285
3,9,9,"14,15","{1763,228}",15983,衣服,13,19979,0.8,生命,2204,生命回复,285
3,9,10,"14,15","{2204,285}",19979,衣服,13,19979,1,生命,2204,生命回复,285
3,10,1,6,{16},1521,武器,13,30419,0.05,攻击,310,,
3,10,2,6,{31},3042,武器,13,30419,0.1,攻击,310,,
3,10,3,6,{47},4563,武器,13,30419,0.15,攻击,310,,
3,10,4,6,{62},6084,武器,13,30419,0.2,攻击,310,,
3,10,5,6,{93},9126,武器,13,30419,0.3,攻击,310,,
3,10,6,6,{124},12168,武器,13,30419,0.4,攻击,310,,
3,10,7,6,{155},15210,武器,13,30419,0.5,攻击,310,,
3,10,8,6,{202},19772,武器,13,30419,0.65,攻击,310,,
3,10,9,6,{248},24335,武器,13,30419,0.8,攻击,310,,
3,10,10,6,{310},30419,武器,13,30419,1,攻击,310,,
4,1,1,14,{75},525,头盔,14,10495,0.05,生命,1494,,
4,1,2,14,{149},1050,头盔,14,10495,0.1,生命,1494,,
4,1,3,14,{224},1574,头盔,14,10495,0.15,生命,1494,,
4,1,4,14,{299},2099,头盔,14,10495,0.2,生命,1494,,
4,1,5,14,{448},3149,头盔,14,10495,0.3,生命,1494,,
4,1,6,14,{598},4198,头盔,14,10495,0.4,生命,1494,,
4,1,7,14,{747},5248,头盔,14,10495,0.5,生命,1494,,
4,1,8,14,{971},6822,头盔,14,10495,0.65,生命,1494,,
4,1,9,14,{1195},8396,头盔,14,10495,0.8,生命,1494,,
4,1,10,14,{1494},10495,头盔,14,10495,1,生命,1494,,
4,2,1,"6,8","{5,4}",738,项链,14,14759,0.05,攻击,105,暴击,87
4,2,2,"6,8","{11,9}",1476,项链,14,14759,0.1,攻击,105,暴击,87
4,2,3,"6,8","{16,13}",2214,项链,14,14759,0.15,攻击,105,暴击,87
4,2,4,"6,8","{21,17}",2952,项链,14,14759,0.2,攻击,105,暴击,87
4,2,5,"6,8","{32,26}",4428,项链,14,14759,0.3,攻击,105,暴击,87
4,2,6,"6,8","{42,35}",5904,项链,14,14759,0.4,攻击,105,暴击,87
4,2,7,"6,8","{53,44}",7380,项链,14,14759,0.5,攻击,105,暴击,87
4,2,8,"6,8","{68,57}",9593,项链,14,14759,0.65,攻击,105,暴击,87
4,2,9,"6,8","{84,70}",11807,项链,14,14759,0.8,攻击,105,暴击,87
4,2,10,"6,8","{105,87}",14759,项链,14,14759,1,攻击,105,暴击,87
4,3,1,"11,12","{7,7}",525,护手,14,10495,0.05,物防,149,法防,149
4,3,2,"11,12","{15,15}",1050,护手,14,10495,0.1,物防,149,法防,149
4,3,3,"11,12","{22,22}",1574,护手,14,10495,0.15,物防,149,法防,149
4,3,4,"11,12","{30,30}",2099,护手,14,10495,0.2,物防,149,法防,149
4,3,5,"11,12","{45,45}",3149,护手,14,10495,0.3,物防,149,法防,149
4,3,6,"11,12","{60,60}",4198,护手,14,10495,0.4,物防,149,法防,149
4,3,7,"11,12","{75,75}",5248,护手,14,10495,0.5,物防,149,法防,149
4,3,8,"11,12","{97,97}",6822,护手,14,10495,0.65,物防,149,法防,149
4,3,9,"11,12","{119,119}",8396,护手,14,10495,0.8,物防,149,法防,149
4,3,10,"11,12","{149,149}",10495,护手,14,10495,1,物防,149,法防,149
4,4,1,"14,13","{53,2}",514,鞋子,14,10284,0.05,生命,1068,闪避,30
4,4,2,"14,13","{107,3}",1028,鞋子,14,10284,0.1,生命,1068,闪避,30
4,4,3,"14,13","{160,5}",1543,鞋子,14,10284,0.15,生命,1068,闪避,30
4,4,4,"14,13","{214,6}",2057,鞋子,14,10284,0.2,生命,1068,闪避,30
4,4,5,"14,13","{320,9}",3085,鞋子,14,10284,0.3,生命,1068,闪避,30
4,4,6,"14,13","{427,12}",4114,鞋子,14,10284,0.4,生命,1068,闪避,30
4,4,7,"14,13","{534,15}",5142,鞋子,14,10284,0.5,生命,1068,闪避,30
4,4,8,"14,13","{694,20}",6685,鞋子,14,10284,0.65,生命,1068,闪避,30
4,4,9,"14,13","{854,24}",8227,鞋子,14,10284,0.8,生命,1068,闪避,30
4,4,10,"14,13","{1068,30}",10284,鞋子,14,10284,1,生命,1068,闪避,30
4,5,1,"6,10","{5,7}",608,耳环,14,12160,0.05,攻击,95,命中,147
4,5,2,"6,10","{10,15}",1216,耳环,14,12160,0.1,攻击,95,命中,147
4,5,3,"6,10","{14,22}",1824,耳环,14,12160,0.15,攻击,95,命中,147
4,5,4,"6,10","{19,29}",2432,耳环,14,12160,0.2,攻击,95,命中,147
4,5,5,"6,10","{29,44}",3648,耳环,14,12160,0.3,攻击,95,命中,147
4,5,6,"6,10","{38,59}",4864,耳环,14,12160,0.4,攻击,95,命中,147
4,5,7,"6,10","{48,74}",6080,耳环,14,12160,0.5,攻击,95,命中,147
4,5,8,"6,10","{62,96}",7904,耳环,14,12160,0.65,攻击,95,命中,147
4,5,9,"6,10","{76,118}",9728,耳环,14,12160,0.8,攻击,95,命中,147
4,5,10,"6,10","{95,147}",12160,耳环,14,12160,1,攻击,95,命中,147
4,6,1,"11,12","{7,7}",525,裤子,14,10495,0.05,物防,149,法防,149
4,6,2,"11,12","{15,15}",1050,裤子,14,10495,0.1,物防,149,法防,149
4,6,3,"11,12","{22,22}",1574,裤子,14,10495,0.15,物防,149,法防,149
4,6,4,"11,12","{30,30}",2099,裤子,14,10495,0.2,物防,149,法防,149
4,6,5,"11,12","{45,45}",3149,裤子,14,10495,0.3,物防,149,法防,149
4,6,6,"11,12","{60,60}",4198,裤子,14,10495,0.4,物防,149,法防,149
4,6,7,"11,12","{75,75}",5248,裤子,14,10495,0.5,物防,149,法防,149
4,6,8,"11,12","{97,97}",6822,裤子,14,10495,0.65,物防,149,法防,149
4,6,9,"11,12","{119,119}",8396,裤子,14,10495,0.8,物防,149,法防,149
4,6,10,"11,12","{149,149}",10495,裤子,14,10495,1,物防,149,法防,149
4,7,1,"14,19","{54,2}",535,肩甲,14,10706,0.05,生命,1082,抗暴,36
4,7,2,"14,19","{108,4}",1071,肩甲,14,10706,0.1,生命,1082,抗暴,36
4,7,3,"14,19","{162,5}",1606,肩甲,14,10706,0.15,生命,1082,抗暴,36
4,7,4,"14,19","{216,7}",2141,肩甲,14,10706,0.2,生命,1082,抗暴,36
4,7,5,"14,19","{325,11}",3212,肩甲,14,10706,0.3,生命,1082,抗暴,36
4,7,6,"14,19","{433,14}",4282,肩甲,14,10706,0.4,生命,1082,抗暴,36
4,7,7,"14,19","{541,18}",5353,肩甲,14,10706,0.5,生命,1082,抗暴,36
4,7,8,"14,19","{703,23}",6959,肩甲,14,10706,0.65,生命,1082,抗暴,36
4,7,9,"14,19","{866,29}",8565,肩甲,14,10706,0.8,生命,1082,抗暴,36
4,7,10,"14,19","{1082,36}",10706,肩甲,14,10706,1,生命,1082,抗暴,36
4,8,1,6,{6},685,戒指,14,13691,0.05,攻击,129,,
4,8,2,6,{13},1369,戒指,14,13691,0.1,攻击,129,,
4,8,3,6,{19},2054,戒指,14,13691,0.15,攻击,129,,
4,8,4,6,{26},2738,戒指,14,13691,0.2,攻击,129,,
4,8,5,6,{39},4107,戒指,14,13691,0.3,攻击,129,,
4,8,6,6,{52},5476,戒指,14,13691,0.4,攻击,129,,
4,8,7,6,{65},6846,戒指,14,13691,0.5,攻击,129,,
4,8,8,6,{84},8899,戒指,14,13691,0.65,攻击,129,,
4,8,9,6,{103},10953,戒指,14,13691,0.8,攻击,129,,
4,8,10,6,{129},13691,戒指,14,13691,1,攻击,129,,
4,9,1,"14,15","{129,17}",1255,衣服,14,25100,0.05,生命,2572,生命回复,333
4,9,2,"14,15","{257,33}",2510,衣服,14,25100,0.1,生命,2572,生命回复,333
4,9,3,"14,15","{386,50}",3765,衣服,14,25100,0.15,生命,2572,生命回复,333
4,9,4,"14,15","{514,67}",5020,衣服,14,25100,0.2,生命,2572,生命回复,333
4,9,5,"14,15","{772,100}",7530,衣服,14,25100,0.3,生命,2572,生命回复,333
4,9,6,"14,15","{1029,133}",10040,衣服,14,25100,0.4,生命,2572,生命回复,333
4,9,7,"14,15","{1286,167}",12550,衣服,14,25100,0.5,生命,2572,生命回复,333
4,9,8,"14,15","{1672,216}",16315,衣服,14,25100,0.65,生命,2572,生命回复,333
4,9,9,"14,15","{2058,266}",20080,衣服,14,25100,0.8,生命,2572,生命回复,333
4,9,10,"14,15","{2572,333}",25100,衣服,14,25100,1,生命,2572,生命回复,333
4,10,1,6,{18},1910,武器,14,38208,0.05,攻击,362,,
4,10,2,6,{36},3821,武器,14,38208,0.1,攻击,362,,
4,10,3,6,{54},5731,武器,14,38208,0.15,攻击,362,,
4,10,4,6,{72},7642,武器,14,38208,0.2,攻击,362,,
4,10,5,6,{109},11462,武器,14,38208,0.3,攻击,362,,
4,10,6,6,{145},15283,武器,14,38208,0.4,攻击,362,,
4,10,7,6,{181},19104,武器,14,38208,0.5,攻击,362,,
4,10,8,6,{235},24835,武器,14,38208,0.65,攻击,362,,
4,10,9,6,{290},30566,武器,14,38208,0.8,攻击,362,,
4,10,10,6,{362},38208,武器,14,38208,1,攻击,362,,
5,1,1,14,{82},618,头盔,15,12363,0.05,生命,1643,,
5,1,2,14,{164},1236,头盔,15,12363,0.1,生命,1643,,
5,1,3,14,{246},1854,头盔,15,12363,0.15,生命,1643,,
5,1,4,14,{329},2473,头盔,15,12363,0.2,生命,1643,,
5,1,5,14,{493},3709,头盔,15,12363,0.3,生命,1643,,
5,1,6,14,{657},4945,头盔,15,12363,0.4,生命,1643,,
5,1,7,14,{822},6182,头盔,15,12363,0.5,生命,1643,,
5,1,8,14,{1068},8036,头盔,15,12363,0.65,生命,1643,,
5,1,9,14,{1314},9890,头盔,15,12363,0.8,生命,1643,,
5,1,10,14,{1643},12363,头盔,15,12363,1,生命,1643,,
5,2,1,"6,8","{6,5}",870,项链,15,17390,0.05,攻击,115,暴击,96
5,2,2,"6,8","{12,10}",1739,项链,15,17390,0.1,攻击,115,暴击,96
5,2,3,"6,8","{17,14}",2609,项链,15,17390,0.15,攻击,115,暴击,96
5,2,4,"6,8","{23,19}",3478,项链,15,17390,0.2,攻击,115,暴击,96
5,2,5,"6,8","{35,29}",5217,项链,15,17390,0.3,攻击,115,暴击,96
5,2,6,"6,8","{46,38}",6956,项链,15,17390,0.4,攻击,115,暴击,96
5,2,7,"6,8","{58,48}",8695,项链,15,17390,0.5,攻击,115,暴击,96
5,2,8,"6,8","{75,62}",11304,项链,15,17390,0.65,攻击,115,暴击,96
5,2,9,"6,8","{92,77}",13912,项链,15,17390,0.8,攻击,115,暴击,96
5,2,10,"6,8","{115,96}",17390,项链,15,17390,1,攻击,115,暴击,96
5,3,1,"11,12","{8,8}",618,护手,15,12363,0.05,物防,164,法防,164
5,3,2,"11,12","{16,16}",1236,护手,15,12363,0.1,物防,164,法防,164
5,3,3,"11,12","{25,25}",1854,护手,15,12363,0.15,物防,164,法防,164
5,3,4,"11,12","{33,33}",2473,护手,15,12363,0.2,物防,164,法防,164
5,3,5,"11,12","{49,49}",3709,护手,15,12363,0.3,物防,164,法防,164
5,3,6,"11,12","{66,66}",4945,护手,15,12363,0.4,物防,164,法防,164
5,3,7,"11,12","{82,82}",6182,护手,15,12363,0.5,物防,164,法防,164
5,3,8,"11,12","{107,107}",8036,护手,15,12363,0.65,物防,164,法防,164
5,3,9,"11,12","{131,131}",9890,护手,15,12363,0.8,物防,164,法防,164
5,3,10,"11,12","{164,164}",12363,护手,15,12363,1,物防,164,法防,164
5,4,1,"14,13","{59,2}",606,鞋子,15,12115,0.05,生命,1175,闪避,33
5,4,2,"14,13","{118,3}",1212,鞋子,15,12115,0.1,生命,1175,闪避,33
5,4,3,"14,13","{176,5}",1817,鞋子,15,12115,0.15,生命,1175,闪避,33
5,4,4,"14,13","{235,7}",2423,鞋子,15,12115,0.2,生命,1175,闪避,33
5,4,5,"14,13","{353,10}",3635,鞋子,15,12115,0.3,生命,1175,闪避,33
5,4,6,"14,13","{470,13}",4846,鞋子,15,12115,0.4,生命,1175,闪避,33
5,4,7,"14,13","{588,17}",6058,鞋子,15,12115,0.5,生命,1175,闪避,33
5,4,8,"14,13","{764,21}",7875,鞋子,15,12115,0.65,生命,1175,闪避,33
5,4,9,"14,13","{940,26}",9692,鞋子,15,12115,0.8,生命,1175,闪避,33
5,4,10,"14,13","{1175,33}",12115,鞋子,15,12115,1,生命,1175,闪避,33
5,5,1,"6,10","{5,8}",716,耳环,15,14327,0.05,攻击,105,命中,161
5,5,2,"6,10","{11,16}",1433,耳环,15,14327,0.1,攻击,105,命中,161
5,5,3,"6,10","{16,24}",2149,耳环,15,14327,0.15,攻击,105,命中,161
5,5,4,"6,10","{21,32}",2865,耳环,15,14327,0.2,攻击,105,命中,161
5,5,5,"6,10","{32,48}",4298,耳环,15,14327,0.3,攻击,105,命中,161
5,5,6,"6,10","{42,64}",5731,耳环,15,14327,0.4,攻击,105,命中,161
5,5,7,"6,10","{53,81}",7164,耳环,15,14327,0.5,攻击,105,命中,161
5,5,8,"6,10","{68,105}",9313,耳环,15,14327,0.65,攻击,105,命中,161
5,5,9,"6,10","{84,129}",11462,耳环,15,14327,0.8,攻击,105,命中,161
5,5,10,"6,10","{105,161}",14327,耳环,15,14327,1,攻击,105,命中,161
5,6,1,"11,12","{8,8}",618,裤子,15,12363,0.05,物防,164,法防,164
5,6,2,"11,12","{16,16}",1236,裤子,15,12363,0.1,物防,164,法防,164
5,6,3,"11,12","{25,25}",1854,裤子,15,12363,0.15,物防,164,法防,164
5,6,4,"11,12","{33,33}",2473,裤子,15,12363,0.2,物防,164,法防,164
5,6,5,"11,12","{49,49}",3709,裤子,15,12363,0.3,物防,164,法防,164
5,6,6,"11,12","{66,66}",4945,裤子,15,12363,0.4,物防,164,法防,164
5,6,7,"11,12","{82,82}",6182,裤子,15,12363,0.5,物防,164,法防,164
5,6,8,"11,12","{107,107}",8036,裤子,15,12363,0.65,物防,164,法防,164
5,6,9,"11,12","{131,131}",9890,裤子,15,12363,0.8,物防,164,法防,164
5,6,10,"11,12","{164,164}",12363,裤子,15,12363,1,物防,164,法防,164
5,7,1,"14,19","{59,2}",631,肩甲,15,12611,0.05,生命,1189,抗暴,40
5,7,2,"14,19","{119,4}",1261,肩甲,15,12611,0.1,生命,1189,抗暴,40
5,7,3,"14,19","{178,6}",1892,肩甲,15,12611,0.15,生命,1189,抗暴,40
5,7,4,"14,19","{238,8}",2522,肩甲,15,12611,0.2,生命,1189,抗暴,40
5,7,5,"14,19","{357,12}",3783,肩甲,15,12611,0.3,生命,1189,抗暴,40
5,7,6,"14,19","{476,16}",5044,肩甲,15,12611,0.4,生命,1189,抗暴,40
5,7,7,"14,19","{595,20}",6306,肩甲,15,12611,0.5,生命,1189,抗暴,40
5,7,8,"14,19","{773,26}",8197,肩甲,15,12611,0.65,生命,1189,抗暴,40
5,7,9,"14,19","{951,32}",10089,肩甲,15,12611,0.8,生命,1189,抗暴,40
5,7,10,"14,19","{1189,40}",12611,肩甲,15,12611,1,生命,1189,抗暴,40
5,8,1,6,{7},807,戒指,15,16133,0.05,攻击,142,,
5,8,2,6,{14},1613,戒指,15,16133,0.1,攻击,142,,
5,8,3,6,{21},2420,戒指,15,16133,0.15,攻击,142,,
5,8,4,6,{28},3227,戒指,15,16133,0.2,攻击,142,,
5,8,5,6,{43},4840,戒指,15,16133,0.3,攻击,142,,
5,8,6,6,{57},6453,戒指,15,16133,0.4,攻击,142,,
5,8,7,6,{71},8067,戒指,15,16133,0.5,攻击,142,,
5,8,8,6,{92},10486,戒指,15,16133,0.65,攻击,142,,
5,8,9,6,{114},12906,戒指,15,16133,0.8,攻击,142,,
5,8,10,6,{142},16133,戒指,15,16133,1,攻击,142,,
5,9,1,"14,15","{141,18}",1479,衣服,15,29573,0.05,生命,2829,生命回复,366
5,9,2,"14,15","{283,37}",2957,衣服,15,29573,0.1,生命,2829,生命回复,366
5,9,3,"14,15","{424,55}",4436,衣服,15,29573,0.15,生命,2829,生命回复,366
5,9,4,"14,15","{566,73}",5915,衣服,15,29573,0.2,生命,2829,生命回复,366
5,9,5,"14,15","{849,110}",8872,衣服,15,29573,0.3,生命,2829,生命回复,366
5,9,6,"14,15","{1132,146}",11829,衣服,15,29573,0.4,生命,2829,生命回复,366
5,9,7,"14,15","{1415,183}",14787,衣服,15,29573,0.5,生命,2829,生命回复,366
5,9,8,"14,15","{1839,238}",19222,衣服,15,29573,0.65,生命,2829,生命回复,366
5,9,9,"14,15","{2263,293}",23658,衣服,15,29573,0.8,生命,2829,生命回复,366
5,9,10,"14,15","{2829,366}",29573,衣服,15,29573,1,生命,2829,生命回复,366
5,10,1,6,{20},2251,武器,15,45022,0.05,攻击,398,,
5,10,2,6,{40},4502,武器,15,45022,0.1,攻击,398,,
5,10,3,6,{60},6753,武器,15,45022,0.15,攻击,398,,
5,10,4,6,{80},9004,武器,15,45022,0.2,攻击,398,,
5,10,5,6,{119},13507,武器,15,45022,0.3,攻击,398,,
5,10,6,6,{159},18009,武器,15,45022,0.4,攻击,398,,
5,10,7,6,{199},22511,武器,15,45022,0.5,攻击,398,,
5,10,8,6,{259},29264,武器,15,45022,0.65,攻击,398,,
5,10,9,6,{318},36018,武器,15,45022,0.8,攻击,398,,
5,10,10,6,{398},45022,武器,15,45022,1,攻击,398,,
6,1,1,14,{98},788,头盔,16,15753,0.05,生命,1963,,
6,1,2,14,{196},1575,头盔,16,15753,0.1,生命,1963,,
6,1,3,14,{294},2363,头盔,16,15753,0.15,生命,1963,,
6,1,4,14,{393},3151,头盔,16,15753,0.2,生命,1963,,
6,1,5,14,{589},4726,头盔,16,15753,0.3,生命,1963,,
6,1,6,14,{785},6301,头盔,16,15753,0.4,生命,1963,,
6,1,7,14,{982},7877,头盔,16,15753,0.5,生命,1963,,
6,1,8,14,{1276},10239,头盔,16,15753,0.65,生命,1963,,
6,1,9,14,{1570},12602,头盔,16,15753,0.8,生命,1963,,
6,1,10,14,{1963},15753,头盔,16,15753,1,生命,1963,,
6,2,1,"6,8","{7,6}",1108,项链,16,22157,0.05,攻击,138,暴击,115
6,2,2,"6,8","{14,12}",2216,项链,16,22157,0.1,攻击,138,暴击,115
6,2,3,"6,8","{21,17}",3324,项链,16,22157,0.15,攻击,138,暴击,115
6,2,4,"6,8","{28,23}",4431,项链,16,22157,0.2,攻击,138,暴击,115
6,2,5,"6,8","{41,35}",6647,项链,16,22157,0.3,攻击,138,暴击,115
6,2,6,"6,8","{55,46}",8863,项链,16,22157,0.4,攻击,138,暴击,115
6,2,7,"6,8","{69,58}",11079,项链,16,22157,0.5,攻击,138,暴击,115
6,2,8,"6,8","{90,75}",14402,项链,16,22157,0.65,攻击,138,暴击,115
6,2,9,"6,8","{110,92}",17726,项链,16,22157,0.8,攻击,138,暴击,115
6,2,10,"6,8","{138,115}",22157,项链,16,22157,1,攻击,138,暴击,115
6,3,1,"11,12","{10,10}",788,护手,16,15753,0.05,物防,196,法防,196
6,3,2,"11,12","{20,20}",1575,护手,16,15753,0.1,物防,196,法防,196
6,3,3,"11,12","{29,29}",2363,护手,16,15753,0.15,物防,196,法防,196
6,3,4,"11,12","{39,39}",3151,护手,16,15753,0.2,物防,196,法防,196
6,3,5,"11,12","{59,59}",4726,护手,16,15753,0.3,物防,196,法防,196
6,3,6,"11,12","{78,78}",6301,护手,16,15753,0.4,物防,196,法防,196
6,3,7,"11,12","{98,98}",7877,护手,16,15753,0.5,物防,196,法防,196
6,3,8,"11,12","{127,127}",10239,护手,16,15753,0.65,物防,196,法防,196
6,3,9,"11,12","{157,157}",12602,护手,16,15753,0.8,物防,196,法防,196
6,3,10,"11,12","{196,196}",15753,护手,16,15753,1,物防,196,法防,196
6,4,1,"14,13","{70,2}",772,鞋子,16,15440,0.05,生命,1404,闪避,39
6,4,2,"14,13","{140,4}",1544,鞋子,16,15440,0.1,生命,1404,闪避,39
6,4,3,"14,13","{211,6}",2316,鞋子,16,15440,0.15,生命,1404,闪避,39
6,4,4,"14,13","{281,8}",3088,鞋子,16,15440,0.2,生命,1404,闪避,39
6,4,5,"14,13","{421,12}",4632,鞋子,16,15440,0.3,生命,1404,闪避,39
6,4,6,"14,13","{562,16}",6176,鞋子,16,15440,0.4,生命,1404,闪避,39
6,4,7,"14,13","{702,20}",7720,鞋子,16,15440,0.5,生命,1404,闪避,39
6,4,8,"14,13","{913,25}",10036,鞋子,16,15440,0.65,生命,1404,闪避,39
6,4,9,"14,13","{1123,31}",12352,鞋子,16,15440,0.8,生命,1404,闪避,39
6,4,10,"14,13","{1404,39}",15440,鞋子,16,15440,1,生命,1404,闪避,39
6,5,1,"6,10","{6,10}",913,耳环,16,18256,0.05,攻击,125,命中,193
6,5,2,"6,10","{13,19}",1826,耳环,16,18256,0.1,攻击,125,命中,193
6,5,3,"6,10","{19,29}",2738,耳环,16,18256,0.15,攻击,125,命中,193
6,5,4,"6,10","{25,39}",3651,耳环,16,18256,0.2,攻击,125,命中,193
6,5,5,"6,10","{38,58}",5477,耳环,16,18256,0.3,攻击,125,命中,193
6,5,6,"6,10","{50,77}",7302,耳环,16,18256,0.4,攻击,125,命中,193
6,5,7,"6,10","{63,97}",9128,耳环,16,18256,0.5,攻击,125,命中,193
6,5,8,"6,10","{81,125}",11866,耳环,16,18256,0.65,攻击,125,命中,193
6,5,9,"6,10","{100,154}",14605,耳环,16,18256,0.8,攻击,125,命中,193
6,5,10,"6,10","{125,193}",18256,耳环,16,18256,1,攻击,125,命中,193
6,6,1,"11,12","{10,10}",788,裤子,16,15753,0.05,物防,196,法防,196
6,6,2,"11,12","{20,20}",1575,裤子,16,15753,0.1,物防,196,法防,196
6,6,3,"11,12","{29,29}",2363,裤子,16,15753,0.15,物防,196,法防,196
6,6,4,"11,12","{39,39}",3151,裤子,16,15753,0.2,物防,196,法防,196
6,6,5,"11,12","{59,59}",4726,裤子,16,15753,0.3,物防,196,法防,196
6,6,6,"11,12","{78,78}",6301,裤子,16,15753,0.4,物防,196,法防,196
6,6,7,"11,12","{98,98}",7877,裤子,16,15753,0.5,物防,196,法防,196
6,6,8,"11,12","{127,127}",10239,裤子,16,15753,0.65,物防,196,法防,196
6,6,9,"11,12","{157,157}",12602,裤子,16,15753,0.8,物防,196,法防,196
6,6,10,"11,12","{196,196}",15753,裤子,16,15753,1,物防,196,法防,196
6,7,1,"14,19","{71,2}",804,肩甲,16,16074,0.05,生命,1422,抗暴,48
6,7,2,"14,19","{142,5}",1607,肩甲,16,16074,0.1,生命,1422,抗暴,48
6,7,3,"14,19","{213,7}",2411,肩甲,16,16074,0.15,生命,1422,抗暴,48
6,7,4,"14,19","{284,10}",3215,肩甲,16,16074,0.2,生命,1422,抗暴,48
6,7,5,"14,19","{427,14}",4822,肩甲,16,16074,0.3,生命,1422,抗暴,48
6,7,6,"14,19","{569,19}",6430,肩甲,16,16074,0.4,生命,1422,抗暴,48
6,7,7,"14,19","{711,24}",8037,肩甲,16,16074,0.5,生命,1422,抗暴,48
6,7,8,"14,19","{924,31}",10448,肩甲,16,16074,0.65,生命,1422,抗暴,48
6,7,9,"14,19","{1138,38}",12859,肩甲,16,16074,0.8,生命,1422,抗暴,48
6,7,10,"14,19","{1422,48}",16074,肩甲,16,16074,1,生命,1422,抗暴,48
6,8,1,6,{9},1028,戒指,16,20560,0.05,攻击,170,,
6,8,2,6,{17},2056,戒指,16,20560,0.1,攻击,170,,
6,8,3,6,{26},3084,戒指,16,20560,0.15,攻击,170,,
6,8,4,6,{34},4112,戒指,16,20560,0.2,攻击,170,,
6,8,5,6,{51},6168,戒指,16,20560,0.3,攻击,170,,
6,8,6,6,{68},8224,戒指,16,20560,0.4,攻击,170,,
6,8,7,6,{85},10280,戒指,16,20560,0.5,攻击,170,,
6,8,8,6,{111},13364,戒指,16,20560,0.65,攻击,170,,
6,8,9,6,{136},16448,戒指,16,20560,0.8,攻击,170,,
6,8,10,6,{170},20560,戒指,16,20560,1,攻击,170,,
6,9,1,"14,15","{169,22}",1884,衣服,16,37685,0.05,生命,3381,生命回复,438
6,9,2,"14,15","{338,44}",3769,衣服,16,37685,0.1,生命,3381,生命回复,438
6,9,3,"14,15","{507,66}",5653,衣服,16,37685,0.15,生命,3381,生命回复,438
6,9,4,"14,15","{676,88}",7537,衣服,16,37685,0.2,生命,3381,生命回复,438
6,9,5,"14,15","{1014,131}",11306,衣服,16,37685,0.3,生命,3381,生命回复,438
6,9,6,"14,15","{1352,175}",15074,衣服,16,37685,0.4,生命,3381,生命回复,438
6,9,7,"14,15","{1691,219}",18843,衣服,16,37685,0.5,生命,3381,生命回复,438
6,9,8,"14,15","{2198,285}",24495,衣服,16,37685,0.65,生命,3381,生命回复,438
6,9,9,"14,15","{2705,350}",30148,衣服,16,37685,0.8,生命,3381,生命回复,438
6,9,10,"14,15","{3381,438}",37685,衣服,16,37685,1,生命,3381,生命回复,438
6,10,1,6,{24},2868,武器,16,57362,0.05,攻击,476,,
6,10,2,6,{48},5736,武器,16,57362,0.1,攻击,476,,
6,10,3,6,{71},8604,武器,16,57362,0.15,攻击,476,,
6,10,4,6,{95},11472,武器,16,57362,0.2,攻击,476,,
6,10,5,6,{143},17209,武器,16,57362,0.3,攻击,476,,
6,10,6,6,{190},22945,武器,16,57362,0.4,攻击,476,,
6,10,7,6,{238},28681,武器,16,57362,0.5,攻击,476,,
6,10,8,6,{309},37285,武器,16,57362,0.65,攻击,476,,
6,10,9,6,{381},45890,武器,16,57362,0.8,攻击,476,,
6,10,10,6,{476},57362,武器,16,57362,1,攻击,476,,
7,1,1,14,{128},1092,头盔,17,21832,0.05,生命,2561,,
7,1,2,14,{256},2183,头盔,17,21832,0.1,生命,2561,,
7,1,3,14,{384},3275,头盔,17,21832,0.15,生命,2561,,
7,1,4,14,{512},4366,头盔,17,21832,0.2,生命,2561,,
7,1,5,14,{768},6550,头盔,17,21832,0.3,生命,2561,,
7,1,6,14,{1024},8733,头盔,17,21832,0.4,生命,2561,,
7,1,7,14,{1281},10916,头盔,17,21832,0.5,生命,2561,,
7,1,8,14,{1665},14191,头盔,17,21832,0.65,生命,2561,,
7,1,9,14,{2049},17466,头盔,17,21832,0.8,生命,2561,,
7,1,10,14,{2561},21832,头盔,17,21832,1,生命,2561,,
7,2,1,"6,8","{9,8}",1535,项链,17,30698,0.05,攻击,180,暴击,150
7,2,2,"6,8","{18,15}",3070,项链,17,30698,0.1,攻击,180,暴击,150
7,2,3,"6,8","{27,23}",4605,项链,17,30698,0.15,攻击,180,暴击,150
7,2,4,"6,8","{36,30}",6140,项链,17,30698,0.2,攻击,180,暴击,150
7,2,5,"6,8","{54,45}",9209,项链,17,30698,0.3,攻击,180,暴击,150
7,2,6,"6,8","{72,60}",12279,项链,17,30698,0.4,攻击,180,暴击,150
7,2,7,"6,8","{90,75}",15349,项链,17,30698,0.5,攻击,180,暴击,150
7,2,8,"6,8","{117,98}",19954,项链,17,30698,0.65,攻击,180,暴击,150
7,2,9,"6,8","{144,120}",24558,项链,17,30698,0.8,攻击,180,暴击,150
7,2,10,"6,8","{180,150}",30698,项链,17,30698,1,攻击,180,暴击,150
7,3,1,"11,12","{13,13}",1092,护手,17,21832,0.05,物防,256,法防,256
7,3,2,"11,12","{26,26}",2183,护手,17,21832,0.1,物防,256,法防,256
7,3,3,"11,12","{38,38}",3275,护手,17,21832,0.15,物防,256,法防,256
7,3,4,"11,12","{51,51}",4366,护手,17,21832,0.2,物防,256,法防,256
7,3,5,"11,12","{77,77}",6550,护手,17,21832,0.3,物防,256,法防,256
7,3,6,"11,12","{102,102}",8733,护手,17,21832,0.4,物防,256,法防,256
7,3,7,"11,12","{128,128}",10916,护手,17,21832,0.5,物防,256,法防,256
7,3,8,"11,12","{166,166}",14191,护手,17,21832,0.65,物防,256,法防,256
7,3,9,"11,12","{205,205}",17466,护手,17,21832,0.8,物防,256,法防,256
7,3,10,"11,12","{256,256}",21832,护手,17,21832,1,物防,256,法防,256
7,4,1,"14,13","{92,3}",1070,鞋子,17,21397,0.05,生命,1832,闪避,52
7,4,2,"14,13","{183,5}",2140,鞋子,17,21397,0.1,生命,1832,闪避,52
7,4,3,"14,13","{275,8}",3210,鞋子,17,21397,0.15,生命,1832,闪避,52
7,4,4,"14,13","{366,10}",4279,鞋子,17,21397,0.2,生命,1832,闪避,52
7,4,5,"14,13","{550,16}",6419,鞋子,17,21397,0.3,生命,1832,闪避,52
7,4,6,"14,13","{733,21}",8559,鞋子,17,21397,0.4,生命,1832,闪避,52
7,4,7,"14,13","{916,26}",10699,鞋子,17,21397,0.5,生命,1832,闪避,52
7,4,8,"14,13","{1191,34}",13908,鞋子,17,21397,0.65,生命,1832,闪避,52
7,4,9,"14,13","{1466,42}",17118,鞋子,17,21397,0.8,生命,1832,闪避,52
7,4,10,"14,13","{1832,52}",21397,鞋子,17,21397,1,生命,1832,闪避,52
7,5,1,"6,10","{8,13}",1265,耳环,17,25302,0.05,攻击,164,命中,252
7,5,2,"6,10","{16,25}",2530,耳环,17,25302,0.1,攻击,164,命中,252
7,5,3,"6,10","{25,38}",3795,耳环,17,25302,0.15,攻击,164,命中,252
7,5,4,"6,10","{33,50}",5060,耳环,17,25302,0.2,攻击,164,命中,252
7,5,5,"6,10","{49,76}",7591,耳环,17,25302,0.3,攻击,164,命中,252
7,5,6,"6,10","{66,101}",10121,耳环,17,25302,0.4,攻击,164,命中,252
7,5,7,"6,10","{82,126}",12651,耳环,17,25302,0.5,攻击,164,命中,252
7,5,8,"6,10","{107,164}",16446,耳环,17,25302,0.65,攻击,164,命中,252
7,5,9,"6,10","{131,202}",20242,耳环,17,25302,0.8,攻击,164,命中,252
7,5,10,"6,10","{164,252}",25302,耳环,17,25302,1,攻击,164,命中,252
7,6,1,"11,12","{13,13}",1092,裤子,17,21832,0.05,物防,256,法防,256
7,6,2,"11,12","{26,26}",2183,裤子,17,21832,0.1,物防,256,法防,256
7,6,3,"11,12","{38,38}",3275,裤子,17,21832,0.15,物防,256,法防,256
7,6,4,"11,12","{51,51}",4366,裤子,17,21832,0.2,物防,256,法防,256
7,6,5,"11,12","{77,77}",6550,裤子,17,21832,0.3,物防,256,法防,256
7,6,6,"11,12","{102,102}",8733,裤子,17,21832,0.4,物防,256,法防,256
7,6,7,"11,12","{128,128}",10916,裤子,17,21832,0.5,物防,256,法防,256
7,6,8,"11,12","{166,166}",14191,裤子,17,21832,0.65,物防,256,法防,256
7,6,9,"11,12","{205,205}",17466,裤子,17,21832,0.8,物防,256,法防,256
7,6,10,"11,12","{256,256}",21832,裤子,17,21832,1,物防,256,法防,256
7,7,1,"14,19","{93,3}",1113,肩甲,17,22267,0.05,生命,1854,抗暴,63
7,7,2,"14,19","{185,6}",2227,肩甲,17,22267,0.1,生命,1854,抗暴,63
7,7,3,"14,19","{278,9}",3340,肩甲,17,22267,0.15,生命,1854,抗暴,63
7,7,4,"14,19","{371,13}",4453,肩甲,17,22267,0.2,生命,1854,抗暴,63
7,7,5,"14,19","{556,19}",6680,肩甲,17,22267,0.3,生命,1854,抗暴,63
7,7,6,"14,19","{742,25}",8907,肩甲,17,22267,0.4,生命,1854,抗暴,63
7,7,7,"14,19","{927,32}",11134,肩甲,17,22267,0.5,生命,1854,抗暴,63
7,7,8,"14,19","{1205,41}",14474,肩甲,17,22267,0.65,生命,1854,抗暴,63
7,7,9,"14,19","{1483,50}",17814,肩甲,17,22267,0.8,生命,1854,抗暴,63
7,7,10,"14,19","{1854,63}",22267,肩甲,17,22267,1,生命,1854,抗暴,63
7,8,1,6,{11},1425,戒指,17,28490,0.05,攻击,222,,
7,8,2,6,{22},2849,戒指,17,28490,0.1,攻击,222,,
7,8,3,6,{33},4274,戒指,17,28490,0.15,攻击,222,,
7,8,4,6,{44},5698,戒指,17,28490,0.2,攻击,222,,
7,8,5,6,{67},8547,戒指,17,28490,0.3,攻击,222,,
7,8,6,6,{89},11396,戒指,17,28490,0.4,攻击,222,,
7,8,7,6,{111},14245,戒指,17,28490,0.5,攻击,222,,
7,8,8,6,{144},18519,戒指,17,28490,0.65,攻击,222,,
7,8,9,6,{178},22792,戒指,17,28490,0.8,攻击,222,,
7,8,10,6,{222},28490,戒指,17,28490,1,攻击,222,,
7,9,1,"14,15","{221,29}",2611,衣服,17,52215,0.05,生命,4410,生命回复,571
7,9,2,"14,15","{441,57}",5222,衣服,17,52215,0.1,生命,4410,生命回复,571
7,9,3,"14,15","{662,86}",7832,衣服,17,52215,0.15,生命,4410,生命回复,571
7,9,4,"14,15","{882,114}",10443,衣服,17,52215,0.2,生命,4410,生命回复,571
7,9,5,"14,15","{1323,171}",15665,衣服,17,52215,0.3,生命,4410,生命回复,571
7,9,6,"14,15","{1764,228}",20886,衣服,17,52215,0.4,生命,4410,生命回复,571
7,9,7,"14,15","{2205,286}",26108,衣服,17,52215,0.5,生命,4410,生命回复,571
7,9,8,"14,15","{2867,371}",33940,衣服,17,52215,0.65,生命,4410,生命回复,571
7,9,9,"14,15","{3528,457}",41772,衣服,17,52215,0.8,生命,4410,生命回复,571
7,9,10,"14,15","{4410,571}",52215,衣服,17,52215,1,生命,4410,生命回复,571
7,10,1,6,{31},3974,武器,17,79487,0.05,攻击,621,,
7,10,2,6,{62},7949,武器,17,79487,0.1,攻击,621,,
7,10,3,6,{93},11923,武器,17,79487,0.15,攻击,621,,
7,10,4,6,{124},15897,武器,17,79487,0.2,攻击,621,,
7,10,5,6,{186},23846,武器,17,79487,0.3,攻击,621,,
7,10,6,6,{248},31795,武器,17,79487,0.4,攻击,621,,
7,10,7,6,{311},39744,武器,17,79487,0.5,攻击,621,,
7,10,8,6,{404},51667,武器,17,79487,0.65,攻击,621,,
7,10,9,6,{497},63590,武器,17,79487,0.8,攻击,621,,
7,10,10,6,{621},79487,武器,17,79487,1,攻击,621,,
8,1,1,14,{171},1541,头盔,18,30820,0.05,生命,3415,,
8,1,2,14,{342},3082,头盔,18,30820,0.1,生命,3415,,
8,1,3,14,{512},4623,头盔,18,30820,0.15,生命,3415,,
8,1,4,14,{683},6164,头盔,18,30820,0.2,生命,3415,,
8,1,5,14,{1025},9246,头盔,18,30820,0.3,生命,3415,,
8,1,6,14,{1366},12328,头盔,18,30820,0.4,生命,3415,,
8,1,7,14,{1708},15410,头盔,18,30820,0.5,生命,3415,,
8,1,8,14,{2220},20033,头盔,18,30820,0.65,生命,3415,,
8,1,9,14,{2732},24656,头盔,18,30820,0.8,生命,3415,,
8,1,10,14,{3415},30820,头盔,18,30820,1,生命,3415,,
8,2,1,"6,8","{12,10}",2167,项链,18,43338,0.05,攻击,240,暴击,200
8,2,2,"6,8","{24,20}",4334,项链,18,43338,0.1,攻击,240,暴击,200
8,2,3,"6,8","{36,30}",6501,项链,18,43338,0.15,攻击,240,暴击,200
8,2,4,"6,8","{48,40}",8668,项链,18,43338,0.2,攻击,240,暴击,200
8,2,5,"6,8","{72,60}",13001,项链,18,43338,0.3,攻击,240,暴击,200
8,2,6,"6,8","{96,80}",17335,项链,18,43338,0.4,攻击,240,暴击,200
8,2,7,"6,8","{120,100}",21669,项链,18,43338,0.5,攻击,240,暴击,200
8,2,8,"6,8","{156,130}",28170,项链,18,43338,0.65,攻击,240,暴击,200
8,2,9,"6,8","{192,160}",34670,项链,18,43338,0.8,攻击,240,暴击,200
8,2,10,"6,8","{240,200}",43338,项链,18,43338,1,攻击,240,暴击,200
8,3,1,"11,12","{17,17}",1541,护手,18,30820,0.05,物防,341,法防,341
8,3,2,"11,12","{34,34}",3082,护手,18,30820,0.1,物防,341,法防,341
8,3,3,"11,12","{51,51}",4623,护手,18,30820,0.15,物防,341,法防,341
8,3,4,"11,12","{68,68}",6164,护手,18,30820,0.2,物防,341,法防,341
8,3,5,"11,12","{102,102}",9246,护手,18,30820,0.3,物防,341,法防,341
8,3,6,"11,12","{136,136}",12328,护手,18,30820,0.4,物防,341,法防,341
8,3,7,"11,12","{171,171}",15410,护手,18,30820,0.5,物防,341,法防,341
8,3,8,"11,12","{222,222}",20033,护手,18,30820,0.65,物防,341,法防,341
8,3,9,"11,12","{273,273}",24656,护手,18,30820,0.8,物防,341,法防,341
8,3,10,"11,12","{341,341}",30820,护手,18,30820,1,物防,341,法防,341
8,4,1,"14,13","{122,3}",1510,鞋子,18,30206,0.05,生命,2443,闪避,69
8,4,2,"14,13","{244,7}",3021,鞋子,18,30206,0.1,生命,2443,闪避,69
8,4,3,"14,13","{366,10}",4531,鞋子,18,30206,0.15,生命,2443,闪避,69
8,4,4,"14,13","{489,14}",6041,鞋子,18,30206,0.2,生命,2443,闪避,69
8,4,5,"14,13","{733,21}",9062,鞋子,18,30206,0.3,生命,2443,闪避,69
8,4,6,"14,13","{977,28}",12082,鞋子,18,30206,0.4,生命,2443,闪避,69
8,4,7,"14,13","{1222,35}",15103,鞋子,18,30206,0.5,生命,2443,闪避,69
8,4,8,"14,13","{1588,45}",19634,鞋子,18,30206,0.65,生命,2443,闪避,69
8,4,9,"14,13","{1954,55}",24165,鞋子,18,30206,0.8,生命,2443,闪避,69
8,4,10,"14,13","{2443,69}",30206,鞋子,18,30206,1,生命,2443,闪避,69
8,5,1,"6,10","{11,17}",1786,耳环,18,35711,0.05,攻击,218,命中,336
8,5,2,"6,10","{22,34}",3571,耳环,18,35711,0.1,攻击,218,命中,336
8,5,3,"6,10","{33,50}",5357,耳环,18,35711,0.15,攻击,218,命中,336
8,5,4,"6,10","{44,67}",7142,耳环,18,35711,0.2,攻击,218,命中,336
8,5,5,"6,10","{65,101}",10713,耳环,18,35711,0.3,攻击,218,命中,336
8,5,6,"6,10","{87,134}",14284,耳环,18,35711,0.4,攻击,218,命中,336
8,5,7,"6,10","{109,168}",17856,耳环,18,35711,0.5,攻击,218,命中,336
8,5,8,"6,10","{142,218}",23212,耳环,18,35711,0.65,攻击,218,命中,336
8,5,9,"6,10","{174,269}",28569,耳环,18,35711,0.8,攻击,218,命中,336
8,5,10,"6,10","{218,336}",35711,耳环,18,35711,1,攻击,218,命中,336
8,6,1,"11,12","{17,17}",1541,裤子,18,30820,0.05,物防,341,法防,341
8,6,2,"11,12","{34,34}",3082,裤子,18,30820,0.1,物防,341,法防,341
8,6,3,"11,12","{51,51}",4623,裤子,18,30820,0.15,物防,341,法防,341
8,6,4,"11,12","{68,68}",6164,裤子,18,30820,0.2,物防,341,法防,341
8,6,5,"11,12","{102,102}",9246,裤子,18,30820,0.3,物防,341,法防,341
8,6,6,"11,12","{136,136}",12328,裤子,18,30820,0.4,物防,341,法防,341
8,6,7,"11,12","{171,171}",15410,裤子,18,30820,0.5,物防,341,法防,341
8,6,8,"11,12","{222,222}",20033,裤子,18,30820,0.65,物防,341,法防,341
8,6,9,"11,12","{273,273}",24656,裤子,18,30820,0.8,物防,341,法防,341
8,6,10,"11,12","{341,341}",30820,裤子,18,30820,1,物防,341,法防,341
8,7,1,"14,19","{124,4}",1572,肩甲,18,31434,0.05,生命,2472,抗暴,84
8,7,2,"14,19","{247,8}",3143,肩甲,18,31434,0.1,生命,2472,抗暴,84
8,7,3,"14,19","{371,13}",4715,肩甲,18,31434,0.15,生命,2472,抗暴,84
8,7,4,"14,19","{494,17}",6287,肩甲,18,31434,0.2,生命,2472,抗暴,84
8,7,5,"14,19","{742,25}",9430,肩甲,18,31434,0.3,生命,2472,抗暴,84
8,7,6,"14,19","{989,34}",12574,肩甲,18,31434,0.4,生命,2472,抗暴,84
8,7,7,"14,19","{1236,42}",15717,肩甲,18,31434,0.5,生命,2472,抗暴,84
8,7,8,"14,19","{1607,55}",20432,肩甲,18,31434,0.65,生命,2472,抗暴,84
8,7,9,"14,19","{1978,67}",25147,肩甲,18,31434,0.8,生命,2472,抗暴,84
8,7,10,"14,19","{2472,84}",31434,肩甲,18,31434,1,生命,2472,抗暴,84
8,8,1,6,{15},2011,戒指,18,40215,0.05,攻击,297,,
8,8,2,6,{30},4022,戒指,18,40215,0.1,攻击,297,,
8,8,3,6,{45},6032,戒指,18,40215,0.15,攻击,297,,
8,8,4,6,{59},8043,戒指,18,40215,0.2,攻击,297,,
8,8,5,6,{89},12065,戒指,18,40215,0.3,攻击,297,,
8,8,6,6,{119},16086,戒指,18,40215,0.4,攻击,297,,
8,8,7,6,{149},20108,戒指,18,40215,0.5,攻击,297,,
8,8,8,6,{193},26140,戒指,18,40215,0.65,攻击,297,,
8,8,9,6,{238},32172,戒指,18,40215,0.8,攻击,297,,
8,8,10,6,{297},40215,戒指,18,40215,1,攻击,297,,
8,9,1,"14,15","{294,38}",3685,衣服,18,73707,0.05,生命,5880,生命回复,762
8,9,2,"14,15","{588,76}",7371,衣服,18,73707,0.1,生命,5880,生命回复,762
8,9,3,"14,15","{882,114}",11056,衣服,18,73707,0.15,生命,5880,生命回复,762
8,9,4,"14,15","{1176,152}",14741,衣服,18,73707,0.2,生命,5880,生命回复,762
8,9,5,"14,15","{1764,229}",22112,衣服,18,73707,0.3,生命,5880,生命回复,762
8,9,6,"14,15","{2352,305}",29483,衣服,18,73707,0.4,生命,5880,生命回复,762
8,9,7,"14,15","{2940,381}",36854,衣服,18,73707,0.5,生命,5880,生命回复,762
8,9,8,"14,15","{3822,495}",47910,衣服,18,73707,0.65,生命,5880,生命回复,762
8,9,9,"14,15","{4704,610}",58966,衣服,18,73707,0.8,生命,5880,生命回复,762
8,9,10,"14,15","{5880,762}",73707,衣服,18,73707,1,生命,5880,生命回复,762
8,10,1,6,{41},5610,武器,18,112198,0.05,攻击,828,,
8,10,2,6,{83},11220,武器,18,112198,0.1,攻击,828,,
8,10,3,6,{124},16830,武器,18,112198,0.15,攻击,828,,
8,10,4,6,{166},22440,武器,18,112198,0.2,攻击,828,,
8,10,5,6,{248},33659,武器,18,112198,0.3,攻击,828,,
8,10,6,6,{331},44879,武器,18,112198,0.4,攻击,828,,
8,10,7,6,{414},56099,武器,18,112198,0.5,攻击,828,,
8,10,8,6,{538},72929,武器,18,112198,0.65,攻击,828,,
8,10,9,6,{662},89758,武器,18,112198,0.8,攻击,828,,
8,10,10,6,{828},112198,武器,18,112198,1,攻击,828,,
9,1,1,14,{219},2084,头盔,19,41681,0.05,生命,4376,,
9,1,2,14,{438},4168,头盔,19,41681,0.1,生命,4376,,
9,1,3,14,{656},6252,头盔,19,41681,0.15,生命,4376,,
9,1,4,14,{875},8336,头盔,19,41681,0.2,生命,4376,,
9,1,5,14,{1313},12504,头盔,19,41681,0.3,生命,4376,,
9,1,6,14,{1750},16672,头盔,19,41681,0.4,生命,4376,,
9,1,7,14,{2188},20841,头盔,19,41681,0.5,生命,4376,,
9,1,8,14,{2844},27093,头盔,19,41681,0.65,生命,4376,,
9,1,9,14,{3501},33345,头盔,19,41681,0.8,生命,4376,,
9,1,10,14,{4376},41681,头盔,19,41681,1,生命,4376,,
9,2,1,"6,8","{15,13}",2930,项链,19,58607,0.05,攻击,307,暴击,256
9,2,2,"6,8","{31,26}",5861,项链,19,58607,0.1,攻击,307,暴击,256
9,2,3,"6,8","{46,38}",8791,项链,19,58607,0.15,攻击,307,暴击,256
9,2,4,"6,8","{61,51}",11721,项链,19,58607,0.2,攻击,307,暴击,256
9,2,5,"6,8","{92,77}",17582,项链,19,58607,0.3,攻击,307,暴击,256
9,2,6,"6,8","{123,102}",23443,项链,19,58607,0.4,攻击,307,暴击,256
9,2,7,"6,8","{154,128}",29304,项链,19,58607,0.5,攻击,307,暴击,256
9,2,8,"6,8","{200,166}",38095,项链,19,58607,0.65,攻击,307,暴击,256
9,2,9,"6,8","{246,205}",46886,项链,19,58607,0.8,攻击,307,暴击,256
9,2,10,"6,8","{307,256}",58607,项链,19,58607,1,攻击,307,暴击,256
9,3,1,"11,12","{22,22}",2084,护手,19,41681,0.05,物防,437,法防,437
9,3,2,"11,12","{44,44}",4168,护手,19,41681,0.1,物防,437,法防,437
9,3,3,"11,12","{66,66}",6252,护手,19,41681,0.15,物防,437,法防,437
9,3,4,"11,12","{87,87}",8336,护手,19,41681,0.2,物防,437,法防,437
9,3,5,"11,12","{131,131}",12504,护手,19,41681,0.3,物防,437,法防,437
9,3,6,"11,12","{175,175}",16672,护手,19,41681,0.4,物防,437,法防,437
9,3,7,"11,12","{219,219}",20841,护手,19,41681,0.5,物防,437,法防,437
9,3,8,"11,12","{284,284}",27093,护手,19,41681,0.65,物防,437,法防,437
9,3,9,"11,12","{350,350}",33345,护手,19,41681,0.8,物防,437,法防,437
9,3,10,"11,12","{437,437}",41681,护手,19,41681,1,物防,437,法防,437
9,4,1,"14,13","{157,4}",2042,鞋子,19,40843,0.05,生命,3130,闪避,89
9,4,2,"14,13","{313,9}",4084,鞋子,19,40843,0.1,生命,3130,闪避,89
9,4,3,"14,13","{470,13}",6126,鞋子,19,40843,0.15,生命,3130,闪避,89
9,4,4,"14,13","{626,18}",8169,鞋子,19,40843,0.2,生命,3130,闪避,89
9,4,5,"14,13","{939,27}",12253,鞋子,19,40843,0.3,生命,3130,闪避,89
9,4,6,"14,13","{1252,36}",16337,鞋子,19,40843,0.4,生命,3130,闪避,89
9,4,7,"14,13","{1565,45}",20422,鞋子,19,40843,0.5,生命,3130,闪避,89
9,4,8,"14,13","{2035,58}",26548,鞋子,19,40843,0.65,生命,3130,闪避,89
9,4,9,"14,13","{2504,71}",32674,鞋子,19,40843,0.8,生命,3130,闪避,89
9,4,10,"14,13","{3130,89}",40843,鞋子,19,40843,1,生命,3130,闪避,89
9,5,1,"6,10","{14,22}",2415,耳环,19,48291,0.05,攻击,280,命中,430
9,5,2,"6,10","{28,43}",4829,耳环,19,48291,0.1,攻击,280,命中,430
9,5,3,"6,10","{42,65}",7244,耳环,19,48291,0.15,攻击,280,命中,430
9,5,4,"6,10","{56,86}",9658,耳环,19,48291,0.2,攻击,280,命中,430
9,5,5,"6,10","{84,129}",14487,耳环,19,48291,0.3,攻击,280,命中,430
9,5,6,"6,10","{112,172}",19316,耳环,19,48291,0.4,攻击,280,命中,430
9,5,7,"6,10","{140,215}",24146,耳环,19,48291,0.5,攻击,280,命中,430
9,5,8,"6,10","{182,280}",31389,耳环,19,48291,0.65,攻击,280,命中,430
9,5,9,"6,10","{224,344}",38633,耳环,19,48291,0.8,攻击,280,命中,430
9,5,10,"6,10","{280,430}",48291,耳环,19,48291,1,攻击,280,命中,430
9,6,1,"11,12","{22,22}",2084,裤子,19,41681,0.05,物防,437,法防,437
9,6,2,"11,12","{44,44}",4168,裤子,19,41681,0.1,物防,437,法防,437
9,6,3,"11,12","{66,66}",6252,裤子,19,41681,0.15,物防,437,法防,437
9,6,4,"11,12","{87,87}",8336,裤子,19,41681,0.2,物防,437,法防,437
9,6,5,"11,12","{131,131}",12504,裤子,19,41681,0.3,物防,437,法防,437
9,6,6,"11,12","{175,175}",16672,裤子,19,41681,0.4,物防,437,法防,437
9,6,7,"11,12","{219,219}",20841,裤子,19,41681,0.5,物防,437,法防,437
9,6,8,"11,12","{284,284}",27093,裤子,19,41681,0.65,物防,437,法防,437
9,6,9,"11,12","{350,350}",33345,裤子,19,41681,0.8,物防,437,法防,437
9,6,10,"11,12","{437,437}",41681,裤子,19,41681,1,物防,437,法防,437
9,7,1,"14,19","{158,5}",2126,肩甲,19,42510,0.05,生命,3168,抗暴,107
9,7,2,"14,19","{317,11}",4251,肩甲,19,42510,0.1,生命,3168,抗暴,107
9,7,3,"14,19","{475,16}",6377,肩甲,19,42510,0.15,生命,3168,抗暴,107
9,7,4,"14,19","{634,21}",8502,肩甲,19,42510,0.2,生命,3168,抗暴,107
9,7,5,"14,19","{950,32}",12753,肩甲,19,42510,0.3,生命,3168,抗暴,107
9,7,6,"14,19","{1267,43}",17004,肩甲,19,42510,0.4,生命,3168,抗暴,107
9,7,7,"14,19","{1584,54}",21255,肩甲,19,42510,0.5,生命,3168,抗暴,107
9,7,8,"14,19","{2059,70}",27632,肩甲,19,42510,0.65,生命,3168,抗暴,107
9,7,9,"14,19","{2534,86}",34008,肩甲,19,42510,0.8,生命,3168,抗暴,107
9,7,10,"14,19","{3168,107}",42510,肩甲,19,42510,1,生命,3168,抗暴,107
9,8,1,6,{19},2719,戒指,19,54378,0.05,攻击,380,,
9,8,2,6,{38},5438,戒指,19,54378,0.1,攻击,380,,
9,8,3,6,{57},8157,戒指,19,54378,0.15,攻击,380,,
9,8,4,6,{76},10876,戒指,19,54378,0.2,攻击,380,,
9,8,5,6,{114},16313,戒指,19,54378,0.3,攻击,380,,
9,8,6,6,{152},21751,戒指,19,54378,0.4,攻击,380,,
9,8,7,6,{190},27189,戒指,19,54378,0.5,攻击,380,,
9,8,8,6,{247},35346,戒指,19,54378,0.65,攻击,380,,
9,8,9,6,{304},43502,戒指,19,54378,0.8,攻击,380,,
9,8,10,6,{380},54378,戒指,19,54378,1,攻击,380,,
9,9,1,"14,15","{377,49}",4983,衣服,19,99669,0.05,生命,7534,生命回复,976
9,9,2,"14,15","{753,98}",9967,衣服,19,99669,0.1,生命,7534,生命回复,976
9,9,3,"14,15","{1130,146}",14950,衣服,19,99669,0.15,生命,7534,生命回复,976
9,9,4,"14,15","{1507,195}",19934,衣服,19,99669,0.2,生命,7534,生命回复,976
9,9,5,"14,15","{2260,293}",29901,衣服,19,99669,0.3,生命,7534,生命回复,976
9,9,6,"14,15","{3014,390}",39868,衣服,19,99669,0.4,生命,7534,生命回复,976
9,9,7,"14,15","{3767,488}",49835,衣服,19,99669,0.5,生命,7534,生命回复,976
9,9,8,"14,15","{4897,634}",64785,衣服,19,99669,0.65,生命,7534,生命回复,976
9,9,9,"14,15","{6027,781}",79735,衣服,19,99669,0.8,生命,7534,生命回复,976
9,9,10,"14,15","{7534,976}",99669,衣服,19,99669,1,生命,7534,生命回复,976
9,10,1,6,{53},7586,武器,19,151723,0.05,攻击,1061,,
9,10,2,6,{106},15172,武器,19,151723,0.1,攻击,1061,,
9,10,3,6,{159},22758,武器,19,151723,0.15,攻击,1061,,
9,10,4,6,{212},30345,武器,19,151723,0.2,攻击,1061,,
9,10,5,6,{318},45517,武器,19,151723,0.3,攻击,1061,,
9,10,6,6,{424},60689,武器,19,151723,0.4,攻击,1061,,
9,10,7,6,{531},75862,武器,19,151723,0.5,攻击,1061,,
9,10,8,6,{690},98620,武器,19,151723,0.65,攻击,1061,,
9,10,9,6,{849},121378,武器,19,151723,0.8,攻击,1061,,
9,10,10,6,{1061},151723,武器,19,151723,1,攻击,1061,,
